id,label,atlas,rv,hr
0,LH_VisCent_ExStr_1,schaefer,0.345396862463798,0.284593153893896
1,LH_VisCent_ExStr_2,schaefer,0.312428766719937,0.272593717514622
2,LH_VisCent_ExStr_3,schaefer,0.370842716499284,0.328536716571248
3,LH_VisCent_ExStr_4,schaefer,0.330288705654045,0.304568525141305
4,LH_VisCent_ExStr_5,schaefer,0.351491277322451,0.298668309009601
5,LH_VisCent_ExStr_6,schaefer,0.288319938522867,0.279644841273075
6,LH_VisCent_Striate_1,schaefer,0.374400988950286,0.324469847530565
7,LH_VisCent_ExStr_7,schaefer,0.315030834084149,0.299149422532074
8,LH_VisCent_ExStr_8,schaefer,0.281582749834458,0.279810597891939
9,LH_VisCent_ExStr_9,schaefer,0.293896668649789,0.289524845874592
10,LH_VisCent_ExStr_10,schaefer,0.298958254064049,0.304261211166442
11,LH_VisCent_ExStr_11,schaefer,0.283235289730539,0.278941560824007
12,LH_VisPeri_ExStrInf_1,schaefer,0.280417151218167,0.238821484494563
13,LH_VisPeri_ExStrInf_2,schaefer,0.291341015209025,0.24763206773854
14,LH_VisPeri_ExStrInf_3,schaefer,0.312064214703513,0.28264871804346
15,LH_VisPeri_ExStrInf_4,schaefer,0.292803826572814,0.203134563107199
16,LH_VisPeri_ExStrInf_5,schaefer,0.334134062783054,0.269766285207735
17,LH_VisPeri_StriCal_1,schaefer,0.34604554807227,0.304821856931693
18,LH_VisPeri_StriCal_2,schaefer,0.351387284034439,0.30914185448822
19,LH_VisPeri_ExStrSup_1,schaefer,0.345876539877697,0.28692370879907
20,LH_VisPeri_ExStrSup_2,schaefer,0.326139793762017,0.312061929429264
21,LH_VisPeri_ExStrSup_3,schaefer,0.33334185247763,0.292594588083895
22,LH_VisPeri_ExStrSup_4,schaefer,0.291628846950996,0.283068685414941
23,LH_VisPeri_ExStrSup_5,schaefer,0.30905126813936,0.297046672874134
24,LH_SomMotA_1,schaefer,0.345349206141675,0.290881096401921
25,LH_SomMotA_2,schaefer,0.360899623709859,0.335242868827541
26,LH_SomMotA_3,schaefer,0.313190041738975,0.291258085793407
27,LH_SomMotA_4,schaefer,0.282923388521335,0.262980942937219
28,LH_SomMotA_5,schaefer,0.272856178822472,0.246539215282085
29,LH_SomMotA_6,schaefer,0.303939666262247,0.278347724833183
30,LH_SomMotA_7,schaefer,0.286209786437897,0.241439565561219
31,LH_SomMotA_8,schaefer,0.343340849143226,0.29688120430584
32,LH_SomMotA_9,schaefer,0.309786288661055,0.288715525565759
33,LH_SomMotA_10,schaefer,0.313325477159399,0.302873929724758
34,LH_SomMotA_11,schaefer,0.299837003940185,0.298649144186788
35,LH_SomMotA_12,schaefer,0.296861389184414,0.253852617742655
36,LH_SomMotA_13,schaefer,0.317028018464365,0.290848093893204
37,LH_SomMotA_14,schaefer,0.297288364161085,0.294547905688031
38,LH_SomMotA_15,schaefer,0.282699539521921,0.248778405644465
39,LH_SomMotA_16,schaefer,0.276684413858004,0.247304516890225
40,LH_SomMotA_17,schaefer,0.30971121068851,0.323100442179073
41,LH_SomMotA_18,schaefer,0.289776140057062,0.295057863124011
42,LH_SomMotA_19,schaefer,0.229084110451064,0.216510620283504
43,LH_SomMotB_Aud_1,schaefer,0.390885463177963,0.286137540189216
44,LH_SomMotB_Aud_2,schaefer,0.413694538846069,0.328436341864235
45,LH_SomMotB_Ins_1,schaefer,0.372458729844096,0.266489976914072
46,LH_SomMotB_S2_1,schaefer,0.355330363093623,0.273644676719922
47,LH_SomMotB_S2_2,schaefer,0.373394737982362,0.284760987790516
48,LH_SomMotB_Aud_3,schaefer,0.362997916382071,0.288253349495217
49,LH_SomMotB_Aud_4,schaefer,0.370603320208967,0.276988047996783
50,LH_SomMotB_S2_3,schaefer,0.337014812322855,0.011012799677449
51,LH_SomMotB_S2_4,schaefer,0.38610274694579,0.331583931921574
52,LH_SomMotB_S2_5,schaefer,0.343983841418873,0.272467845391314
53,LH_SomMotB_S2_6,schaefer,0.353541469449,0.284462640321556
54,LH_SomMotB_Cent_1,schaefer,0.339985593779273,0.334789252655854
55,LH_SomMotB_Cent_2,schaefer,0.308079913299983,0.28740330866579
56,LH_SomMotB_Cent_3,schaefer,0.330312520808387,0.359791308006688
57,LH_SomMotB_Cent_4,schaefer,0.31318167159339,0.306301321492079
58,LH_SomMotB_Cent_5,schaefer,0.357593953059478,0.363324644106014
59,LH_DorsAttnA_TempOcc_1,schaefer,0.270419674713547,0.204415969639054
60,LH_DorsAttnA_TempOcc_2,schaefer,0.299390111174986,0.223321765793376
61,LH_DorsAttnA_TempOcc_3,schaefer,0,0
62,LH_DorsAttnA_TempOcc_4,schaefer,0.321389430435711,0.287073522667421
63,LH_DorsAttnA_ParOcc_1,schaefer,0.307962646512174,0.27428142348647
64,LH_DorsAttnA_ParOcc_2,schaefer,0.268695314381439,0.248791977239555
65,LH_DorsAttnA_SPL_1,schaefer,0.237543847554258,0.218657034479493
66,LH_DorsAttnA_SPL_2,schaefer,0.287036606543352,0.27707516751594
67,LH_DorsAttnA_SPL_3,schaefer,0.263580138979277,0.251387034072076
68,LH_DorsAttnA_SPL_4,schaefer,0.259850485955473,0.239763372909513
69,LH_DorsAttnA_SPL_5,schaefer,0.264250544860048,0.256819923088098
70,LH_DorsAttnA_SPL_6,schaefer,0.29642272737325,0.277475463221523
71,LH_DorsAttnA_SPL_7,schaefer,0.244084441078137,0.249594952049855
72,LH_DorsAttnB_PostC_1,schaefer,0.305842971875833,0.24186483607395
73,LH_DorsAttnB_PostC_2,schaefer,0.305282838289076,0.247779781333386
74,LH_DorsAttnB_PostC_3,schaefer,0.276698896605205,0.22385728046605
75,LH_DorsAttnB_PostC_4,schaefer,0.278565663624043,0.241854139762699
76,LH_DorsAttnB_PostC_5,schaefer,0.279619093837149,0.259620343091934
77,LH_DorsAttnB_PostC_6,schaefer,0.284031381118101,0.29232356284683
78,LH_DorsAttnB_PostC_7,schaefer,0.325078603736752,0.306619690121432
79,LH_DorsAttnB_PostC_8,schaefer,0.272690925746342,0.274901122368021
80,LH_DorsAttnB_PostC_9,schaefer,0.199470766936591,0.203030641023969
81,LH_DorsAttnB_FEF_1,schaefer,0.346050141490374,0.272168474385303
82,LH_DorsAttnB_FEF_2,schaefer,0.285719227050856,0.230610397410377
83,LH_DorsAttnB_FEF_3,schaefer,0.281505899597138,0.226301290679674
84,LH_DorsAttnB_PrCv_1,schaefer,0.292878494316972,0.21953396570146
85,LH_SalVentAttnA_ParOper_1,schaefer,0.35863489782206,0.275606192754931
86,LH_SalVentAttnA_ParOper_2,schaefer,0.357695493517378,0.270429048105553
87,LH_SalVentAttnA_ParOper_3,schaefer,0.314341108548425,0.238697822420396
88,LH_SalVentAttnA_Ins_1,schaefer,0.401916996992157,0.278215366362291
89,LH_SalVentAttnA_Ins_2,schaefer,0.365968769876164,0.229727316250785
90,LH_SalVentAttnA_Ins_3,schaefer,0.31858973314148,0.222068508114987
91,LH_SalVentAttnA_Ins_4,schaefer,0.245889380261058,0.220590599284629
92,LH_SalVentAttnA_FrOper_1,schaefer,0.368870031256014,0.283654319909935
93,LH_SalVentAttnA_FrOper_2,schaefer,0.280481456035388,0.199509169213026
94,LH_SalVentAttnA_ParMed_1,schaefer,0.358288238858855,0.29152656412966
95,LH_SalVentAttnA_ParMed_2,schaefer,0.35043967018404,0.272527323799386
96,LH_SalVentAttnA_ParMed_3,schaefer,0.328051134076787,0.30101812305331
97,LH_SalVentAttnA_FrMed_1,schaefer,0.385737659241916,0.306757740937107
98,LH_SalVentAttnA_FrMed_2,schaefer,0.362048232083776,0.30069552284054
99,LH_SalVentAttnA_FrMed_3,schaefer,0.013296234997326,-0.000669079729139
100,LH_SalVentAttnB_PFCl_1,schaefer,0.31012812552,0.269172872457135
101,LH_SalVentAttnB_PFCl_2,schaefer,0.35263260355432,0.334056985999229
102,LH_SalVentAttnB_PFCl_3,schaefer,0.315623376482594,0.277352712708928
103,LH_SalVentAttnB_Ins_1,schaefer,0.288925445823815,0.171642638700405
104,LH_SalVentAttnB_Ins_2,schaefer,0.296027381030362,0.18304051952148
105,LH_SalVentAttnB_Ins_3,schaefer,0.339833021765402,0.232708274184091
106,LH_SalVentAttnB_OFC_1,schaefer,0.27315267810814,0.212540593364477
107,LH_SalVentAttnB_PFCmp_1,schaefer,0.421989404344406,0.320543000525424
108,LH_LimbicB_OFC_1,schaefer,0.013975331744348,0.002590098421305
109,LH_LimbicB_OFC_2,schaefer,0.271464303717779,0.178317165224332
110,LH_LimbicB_OFC_3,schaefer,0.120540485051501,0.005265094821215
111,LH_LimbicB_OFC_4,schaefer,0.180157266233751,0.119391586580279
112,LH_LimbicB_OFC_5,schaefer,0.224851017128158,0.194812882833211
113,LH_LimbicA_TempPole_1,schaefer,0.328624434285646,0.234716997223668
114,LH_LimbicA_TempPole_2,schaefer,0.258945627638081,0.193653365605994
115,LH_LimbicA_TempPole_3,schaefer,0.296082354745229,0.17703031859348
116,LH_LimbicA_TempPole_4,schaefer,0.16113765847696,0.120442991822597
117,LH_LimbicA_TempPole_5,schaefer,0.222101699647865,0.131610639803951
118,LH_LimbicA_TempPole_6,schaefer,0.295447134836085,0.198700706716557
119,LH_LimbicA_TempPole_7,schaefer,0.262712070623211,0.129878089384843
120,LH_ContA_Temp_1,schaefer,0.304107298704026,0.259768656700107
121,LH_ContA_IPS_1,schaefer,0.273409962158523,0.234166641247097
122,LH_ContA_IPS_2,schaefer,0.277206752924762,0.186094951436443
123,LH_ContA_IPS_3,schaefer,0.300237971585095,0.237778537945434
124,LH_ContA_IPS_4,schaefer,0.271646965237156,0.228111254682735
125,LH_ContA_IPS_5,schaefer,0.261697553407948,0.215475115259938
126,LH_ContA_PFCd_1,schaefer,0.286150955110362,0.24296512096821
127,LH_ContA_PFClv_1,schaefer,0.263570759580264,0.191205378220461
128,LH_ContA_PFClv_2,schaefer,0.299288294653574,0.254290706934605
129,LH_ContA_PFCl_1,schaefer,0.257706573042059,0.185108845839823
130,LH_ContA_PFCl_2,schaefer,0.312889066691798,0.233728501306867
131,LH_ContA_PFCl_3,schaefer,0.213119193286348,0.150707436379361
132,LH_ContA_Cingm_1,schaefer,0.276089266879099,0.179258602109469
133,LH_ContB_Temp_1,schaefer,0.249081224549866,0.200571893862625
134,LH_ContB_Temp_2,schaefer,0.25924205582187,0.213618302691284
135,LH_ContB_IPL_1,schaefer,0.273805927295117,0.194653633902588
136,LH_ContB_IPL_2,schaefer,0.2759436133026,0.191145135396163
137,LH_ContB_IPL_3,schaefer,0.306158867871011,0.218827232850246
138,LH_ContB_PFCd_1,schaefer,0.271843454588861,0.22192431567479
139,LH_ContB_PFClv_1,schaefer,0.246086244499669,0.181577618752661
140,LH_ContB_PFClv_2,schaefer,0.27272803781267,0.237348539993465
141,LH_ContB_PFClv_3,schaefer,0.314344451874826,0.286584323478446
142,LH_ContB_PFCmp_1,schaefer,0.382457263266621,0.241649926628283
143,LH_ContC_pCun_1,schaefer,0.309803950785451,0.281662739884348
144,LH_ContC_pCun_2,schaefer,0.344416196938284,0.313324588318013
145,LH_ContC_pCun_3,schaefer,0.3106299995702,0.276249898560891
146,LH_ContC_Cingp_1,schaefer,0.313659005804481,0.241504512967205
147,LH_ContC_Cingp_2,schaefer,0.350398417083572,0.272020581243207
148,LH_DefaultA_IPL_1,schaefer,0.233091343454653,0.197709627957305
149,LH_DefaultA_IPL_2,schaefer,0.225988241424573,0.189950198692993
150,LH_DefaultA_PFCd_1,schaefer,0.216076563692986,0.216409390514024
151,LH_DefaultA_PFCd_2,schaefer,0.248113425218534,0.208493013913322
152,LH_DefaultA_PFCd_3,schaefer,0.266089919421948,0.210712893355544
153,LH_DefaultA_pCunPCC_1,schaefer,0.215719546814719,0.192352466772962
154,LH_DefaultA_pCunPCC_2,schaefer,0.191014525618002,0.206715437325296
155,LH_DefaultA_pCunPCC_3,schaefer,0.273859880042431,0.230288223607774
156,LH_DefaultA_pCunPCC_4,schaefer,0.336220702717305,0.253192169843481
157,LH_DefaultA_pCunPCC_5,schaefer,0.358221425849857,0.256704543446295
158,LH_DefaultA_pCunPCC_6,schaefer,0.262124369929544,0.236467065326661
159,LH_DefaultA_pCunPCC_7,schaefer,0.28091208912262,0.259455272185338
160,LH_DefaultA_PFCm_1,schaefer,0.212673212361651,0.191223520367409
161,LH_DefaultA_PFCm_2,schaefer,0.253604788747639,0.189744263965278
162,LH_DefaultA_PFCm_3,schaefer,0.249189497318782,0.228907955374579
163,LH_DefaultA_PFCm_4,schaefer,0.324664277306599,0.255778060848127
164,LH_DefaultA_PFCm_5,schaefer,0.177453916832874,0.183126812881947
165,LH_DefaultA_PFCm_6,schaefer,0.395578752305454,0.292898884579922
166,LH_DefaultB_Temp_1,schaefer,0.276573978462687,0.205396376708349
167,LH_DefaultB_Temp_2,schaefer,0.25502084489676,0.187100896437494
168,LH_DefaultB_Temp_3,schaefer,0.197802750971005,0.169005923812927
169,LH_DefaultB_Temp_4,schaefer,0.255349112212683,0.19963380442765
170,LH_DefaultB_Temp_5,schaefer,0.263158951171473,0.217643447340997
171,LH_DefaultB_Temp_6,schaefer,0.23753145004266,0.19796454628517
172,LH_DefaultB_IPL_1,schaefer,0.272779080522669,0.221439043125537
173,LH_DefaultB_IPL_2,schaefer,0.280123967811025,0.209259946646977
174,LH_DefaultB_PFCd_1,schaefer,0.304308416325705,0.222196693081114
175,LH_DefaultB_PFCd_2,schaefer,0.236488485892616,0.198505396209325
176,LH_DefaultB_PFCd_3,schaefer,0.324633314543833,0.28293781740853
177,LH_DefaultB_PFCd_4,schaefer,0.208588977878022,0.150329572566268
178,LH_DefaultB_PFCd_5,schaefer,0.223175191320217,0.149689226753082
179,LH_DefaultB_PFCd_6,schaefer,0.278903341955216,0.233387257428075
180,LH_DefaultB_PFCl_1,schaefer,0.288921157217577,0.235665901992674
181,LH_DefaultB_PFCl_2,schaefer,0.31177793018875,0.246761427218436
182,LH_DefaultB_PFCv_1,schaefer,0.274947870908234,0.169558728017469
183,LH_DefaultB_PFCv_2,schaefer,0.27609165860687,0.186441148895362
184,LH_DefaultB_PFCv_3,schaefer,0.235884560362918,0.150182348059344
185,LH_DefaultB_PFCv_4,schaefer,0.277485974211205,0.181058680652516
186,LH_DefaultB_PFCv_5,schaefer,0.262611184026289,0.178353861564264
187,LH_DefaultC_IPL_1,schaefer,0.271346928751671,0.218364778257199
188,LH_DefaultC_Rsp_1,schaefer,0.294531802171288,0.220625268580628
189,LH_DefaultC_Rsp_2,schaefer,0.286788332143528,0.219616635659037
190,LH_DefaultC_Rsp_3,schaefer,0.260184170408578,0.219710715597545
191,LH_DefaultC_PHC_1,schaefer,0.282304577614761,0.160443490870698
192,LH_DefaultC_PHC_2,schaefer,0.262532646901441,0.165766971286182
193,LH_DefaultC_PHC_3,schaefer,0.26832152102137,0.160242647744281
194,LH_TempPar_1,schaefer,0.326464143590466,0.215580371906305
195,LH_TempPar_2,schaefer,0.275626452727503,0.213918856287674
196,LH_TempPar_3,schaefer,0.293774100412678,0.254202022243749
197,LH_TempPar_4,schaefer,0.264244349685932,0.233572246317929
198,LH_TempPar_5,schaefer,0.324140490123946,0.257661390837112
199,LH_TempPar_6,schaefer,0.332766097401941,0.25997518284443
200,RH_VisCent_ExStr_1,schaefer,0.317884772907162,0.273274895133849
201,RH_VisCent_ExStr_2,schaefer,0.350436725906155,0.311828820926924
202,RH_VisCent_ExStr_3,schaefer,0.314738454805395,0.279846567155792
203,RH_VisCent_ExStr_4,schaefer,0.32628971039929,0.285574429071727
204,RH_VisCent_ExStr_5,schaefer,0.333503117680509,0.290993134069778
205,RH_VisCent_ExStr_6,schaefer,0.331147384212645,0.287583421866861
206,RH_VisCent_Striate_1,schaefer,0.37261620683504,0.324295527725288
207,RH_VisCent_ExStr_7,schaefer,0.27241235863948,0.273242808711419
208,RH_VisCent_ExStr_8,schaefer,0.26901978023342,0.263588824316669
209,RH_VisCent_ExStr_9,schaefer,0.27965518861054,0.292738046907389
210,RH_VisCent_ExStr_10,schaefer,0.282336056677675,0.28797934811099
211,RH_VisCent_ExStr_11,schaefer,0.284323828799349,0.283568141650358
212,RH_VisPeri_ExStrInf_1,schaefer,0.281493076480628,0.23431541355894
213,RH_VisPeri_ExStrInf_2,schaefer,0.255205873389958,0.158425546682243
214,RH_VisPeri_ExStrInf_3,schaefer,0.30579204514511,0.277285605972565
215,RH_VisPeri_ExStrInf_4,schaefer,0.292110717515037,0.257877231174426
216,RH_VisPeri_ExStrInf_5,schaefer,0.333200436274066,0.243816473071843
217,RH_VisPeri_StriCal_1,schaefer,0.351778346282065,0.314565064141633
218,RH_VisPeri_StriCal_2,schaefer,0.342362674401696,0.295944756273043
219,RH_VisPeri_ExStrSup_1,schaefer,0.306115996611852,0.270957011036713
220,RH_VisPeri_ExStrSup_2,schaefer,0.302437420382175,0.288046974664548
221,RH_VisPeri_ExStrSup_3,schaefer,0.318297832095793,0.301027141071814
222,RH_VisPeri_ExStrSup_4,schaefer,0.298011675324701,0.299990901122332
223,RH_SomMotA_1,schaefer,0.28200192095693,0.235150731078913
224,RH_SomMotA_2,schaefer,0.311374511609684,0.290540129315817
225,RH_SomMotA_3,schaefer,0.351534802435625,0.326078649929952
226,RH_SomMotA_4,schaefer,0.291516213109368,0.260166435359047
227,RH_SomMotA_5,schaefer,0.320241563779943,0.283525189521487
228,RH_SomMotA_6,schaefer,0.286146448678388,0.262382992150709
229,RH_SomMotA_7,schaefer,0.291206115817647,0.267133584503405
230,RH_SomMotA_8,schaefer,0.30450655309122,0.285925862141412
231,RH_SomMotA_9,schaefer,0.232345962415992,0.266423374557698
232,RH_SomMotA_10,schaefer,0.291789907598799,0.282957225681302
233,RH_SomMotA_11,schaefer,0.271434439313651,0.247982294532094
234,RH_SomMotA_12,schaefer,0.261243145913117,0.227978014152215
235,RH_SomMotA_13,schaefer,0.281739812430569,0.277130908040542
236,RH_SomMotA_14,schaefer,0.292369745229194,0.269974453887469
237,RH_SomMotA_15,schaefer,0.311988115962995,0.314092411961073
238,RH_SomMotA_16,schaefer,0.281891466747618,0.273240745918282
239,RH_SomMotA_17,schaefer,0.258960194540343,0.221118339992034
240,RH_SomMotA_18,schaefer,0.263450154937997,0.245874874405649
241,RH_SomMotA_19,schaefer,0.259866069306187,0.23921637982994
242,RH_SomMotA_20,schaefer,0.274024917878122,0.267010442066809
243,RH_SomMotB_Aud_1,schaefer,0.369895711500565,0.251643247883668
244,RH_SomMotB_Aud_2,schaefer,0.44175608319204,0.324364690401339
245,RH_SomMotB_Ins_1,schaefer,0.390804614591578,0.269137845382936
246,RH_SomMotB_S2_1,schaefer,0.336334187575067,0.262346217160648
247,RH_SomMotB_S2_2,schaefer,0.37184854596884,0.269317450041039
248,RH_SomMotB_Aud_3,schaefer,0.396289242124667,0.318362386628479
249,RH_SomMotB_S2_3,schaefer,0.35255930236487,0.282334803983934
250,RH_SomMotB_S2_4,schaefer,0.407407037089433,0.318055391708992
251,RH_SomMotB_S2_5,schaefer,0.363651693325623,0.296515469665506
252,RH_SomMotB_S2_6,schaefer,0.386908704557539,0.344530699835244
253,RH_SomMotB_S2_7,schaefer,0.3591748911989,0.279547074834835
254,RH_SomMotB_S2_8,schaefer,0.377249748959111,0.311648539525489
255,RH_SomMotB_Cent_1,schaefer,0.286793007888056,0.25646096200964
256,RH_SomMotB_Cent_2,schaefer,0.341241466440847,0.3658572040682
257,RH_SomMotB_Cent_3,schaefer,0.349018624022368,0.366407167959415
258,RH_DorsAttnA_TempOcc_1,schaefer,0.289219634368483,0.223075280256895
259,RH_DorsAttnA_TempOcc_2,schaefer,0.354570092425358,0.292248136923615
260,RH_DorsAttnA_TempOcc_3,schaefer,0.325872051309736,0.295929021939632
261,RH_DorsAttnA_ParOcc_1,schaefer,0.314943261628912,0.303776482555347
262,RH_DorsAttnA_ParOcc_2,schaefer,0.307147936119647,0.257116238853478
263,RH_DorsAttnA_ParOcc_3,schaefer,0.26611636455054,0.26177130243475
264,RH_DorsAttnA_SPL_1,schaefer,0.265389374553267,0.273229339500015
265,RH_DorsAttnA_SPL_2,schaefer,0.257273524178667,0.233945637156624
266,RH_DorsAttnA_SPL_3,schaefer,0.305321730297798,0.289114774437039
267,RH_DorsAttnA_SPL_4,schaefer,0.253710965998184,0.243244867163864
268,RH_DorsAttnA_SPL_5,schaefer,0.268655809235345,0.264856174779627
269,RH_DorsAttnA_SPL_6,schaefer,0.261197663142006,0.251008433250901
270,RH_DorsAttnA_SPL_7,schaefer,0.256804343842095,0.272428735668832
271,RH_DorsAttnA_SPL_8,schaefer,0.297909139259458,0.281539324508326
272,RH_DorsAttnB_TempOcc_1,schaefer,0.276735389313558,0.23655508311086
273,RH_DorsAttnB_PostC_1,schaefer,0.332770170974589,0.266501050529814
274,RH_DorsAttnB_PostC_2,schaefer,0.271086635086773,0.220127845954158
275,RH_DorsAttnB_PostC_3,schaefer,0.269566804052043,0.244468728873202
276,RH_DorsAttnB_PostC_4,schaefer,0.275393552651965,0.236530632854684
277,RH_DorsAttnB_PostC_5,schaefer,0.27552318800789,0.248130947980697
278,RH_DorsAttnB_PostC_6,schaefer,0.297841536536899,0.289499683671044
279,RH_DorsAttnB_PostC_7,schaefer,0.261152527804275,0.278086554916711
280,RH_DorsAttnB_PostC_8,schaefer,0.274305508523655,0.279443478398649
281,RH_DorsAttnB_FEF_1,schaefer,0.317713189315521,0.272823673343575
282,RH_DorsAttnB_FEF_2,schaefer,0.24160936869449,0.217682105334
283,RH_DorsAttnB_FEF_3,schaefer,0.193079221808973,0.184373622080287
284,RH_SalVentAttnA_ParOper_1,schaefer,0.379033931572322,0.301479796510371
285,RH_SalVentAttnA_ParOper_2,schaefer,0.371122123017272,0.29194684379368
286,RH_SalVentAttnA_ParOper_3,schaefer,0.276160754803303,0.201546601754168
287,RH_SalVentAttnA_PrC_1,schaefer,0.328965410836897,0.267234301059672
288,RH_SalVentAttnA_Ins_1,schaefer,0.364555512002268,0.227080922958399
289,RH_SalVentAttnA_Ins_2,schaefer,0.366721758947404,0.253361591029625
290,RH_SalVentAttnA_Ins_3,schaefer,0.379603668541092,0.246910105776951
291,RH_SalVentAttnA_Ins_4,schaefer,0.335388288735026,0.250757555539921
292,RH_SalVentAttnA_FrOper_1,schaefer,0.326368399674325,0.251479926740267
293,RH_SalVentAttnA_FrOper_2,schaefer,0.384062478750628,0.299526285402483
294,RH_SalVentAttnA_FrOper_3,schaefer,0.309680769727978,0.215552375621738
295,RH_SalVentAttnA_FrMed_1,schaefer,0.36826116723611,0.290706864392084
296,RH_SalVentAttnA_ParMed_1,schaefer,0.330416847000159,0.248063848845912
297,RH_SalVentAttnA_ParMed_2,schaefer,0.348628217732905,0.27753961810906
298,RH_SalVentAttnA_FrMed_2,schaefer,0.341480187908701,0.252428009945298
299,RH_SalVentAttnA_ParMed_3,schaefer,0.313847747738385,0.26316563258781
300,RH_SalVentAttnA_ParMed_4,schaefer,0.289642554286794,0.250072865517529
301,RH_SalVentAttnA_FrMed_3,schaefer,0.340782075660378,0.288446564286151
302,RH_SalVentAttnA_FrMed_4,schaefer,0.290304393090475,0.214191378533616
303,RH_SalVentAttnB_IPL_1,schaefer,0.22161904123895,0.193961417673139
304,RH_SalVentAttnB_PFClv_1,schaefer,0.300221657205626,0.203515076409995
305,RH_SalVentAttnB_PFCl_1,schaefer,0.323900621120906,0.275678872555414
306,RH_SalVentAttnB_PFCl_2,schaefer,0.326930450569977,0.285944445990714
307,RH_SalVentAttnB_PFCl_3,schaefer,0.349705124158668,0.339183930825669
308,RH_SalVentAttnB_Ins_1,schaefer,0.279031399157951,0.166034683236191
309,RH_SalVentAttnB_Ins_2,schaefer,0.326050395864826,0.231380441852933
310,RH_SalVentAttnB_PFCmp_1,schaefer,0.396611303737345,0.305461642345149
311,RH_SalVentAttnB_PFCmp_2,schaefer,0.406313812829567,0.31591681403735
312,RH_LimbicB_OFC_1,schaefer,0.133283236979073,0.083421800965296
313,RH_LimbicB_OFC_2,schaefer,0.21935631883218,0.160968396956378
314,RH_LimbicB_OFC_3,schaefer,0.027393235631018,0.008142775634297
315,RH_LimbicB_OFC_4,schaefer,0.202052022996556,0.152093989326026
316,RH_LimbicB_OFC_5,schaefer,0.103066163319397,0.071292117702011
317,RH_LimbicB_OFC_6,schaefer,0.121419671892153,0.08726121529844
318,RH_LimbicA_TempPole_1,schaefer,0.330655280613313,0.22472333816145
319,RH_LimbicA_TempPole_2,schaefer,0.311550625464321,0.223234009611346
320,RH_LimbicA_TempPole_3,schaefer,0.289338277171014,0.195083225500464
321,RH_LimbicA_TempPole_4,schaefer,0.212665746807366,0.120211929440838
322,RH_LimbicA_TempPole_5,schaefer,0.237101537699621,0.159952274767196
323,RH_LimbicA_TempPole_6,schaefer,0.146422690113432,0.100320450177218
324,RH_ContA_IPS_1,schaefer,0.276818192065399,0.235217943722406
325,RH_ContA_IPS_2,schaefer,0.270663672096237,0.212999560017891
326,RH_ContA_IPS_3,schaefer,0.273937094668469,0.209924305944502
327,RH_ContA_IPS_4,schaefer,0.271947846105405,0.241802072495713
328,RH_ContA_PFCd_1,schaefer,0.285148720315867,0.248481726793158
329,RH_ContA_PFCl_1,schaefer,0.298483777962673,0.206141342167312
330,RH_ContA_PFCl_2,schaefer,0.299082760897021,0.217522415389809
331,RH_ContA_PFCl_3,schaefer,0.309390841391876,0.226623585208899
332,RH_ContA_PFCl_4,schaefer,0.281060174735282,0.205499575848329
333,RH_ContA_PFCl_5,schaefer,0.281760099172279,0.210510231326919
334,RH_ContA_Cingm_1,schaefer,0.262602835714666,0.168633229807508
335,RH_ContB_Temp_1,schaefer,0.249522693550609,0.188332550528811
336,RH_ContB_Temp_2,schaefer,0.264747050534335,0.213129881914314
337,RH_ContB_IPL_1,schaefer,0.325692555981003,0.232904525465682
338,RH_ContB_IPL_2,schaefer,0.288599863339213,0.209116536483352
339,RH_ContB_IPL_3,schaefer,0.289244680783217,0.213783704374633
340,RH_ContB_IPL_4,schaefer,0.292795135023428,0.235384320911463
341,RH_ContB_PFCld_1,schaefer,0.319859114433731,0.286871108407182
342,RH_ContB_PFCld_2,schaefer,0.326541299843408,0.248715160530513
343,RH_ContB_PFCld_3,schaefer,0.337203180940271,0.256069425797776
344,RH_ContB_PFCld_4,schaefer,0.285668916786908,0.24419530197481
345,RH_ContB_PFClv_1,schaefer,0.284575434827566,0.191001401146866
346,RH_ContB_PFClv_2,schaefer,0.256114232091841,0.200843178782789
347,RH_ContB_PFClv_3,schaefer,0.263774414955405,0.187223178653546
348,RH_ContB_PFClv_4,schaefer,0.328685026559476,0.295707721765363
349,RH_ContB_PFCmp_1,schaefer,0.357299294262831,0.21882806984194
350,RH_ContC_pCun_1,schaefer,0.249878608553706,0.220071911617767
351,RH_ContC_pCun_2,schaefer,0.33090416734256,0.308964344025737
352,RH_ContC_pCun_3,schaefer,0.249103402023101,0.243821384151379
353,RH_ContC_pCun_4,schaefer,0.273927603120054,0.24156473854917
354,RH_ContC_pCun_5,schaefer,0.336572491779481,0.302652167370398
355,RH_ContC_Cingp_1,schaefer,0.247020784179406,0.204397307731892
356,RH_ContC_Cingp_2,schaefer,0.354234425206995,0.283052654267111
357,RH_DefaultA_Temp_1,schaefer,0.224020593368815,0.192793666752965
358,RH_DefaultA_IPL_1,schaefer,0.282141039758348,0.224516907553943
359,RH_DefaultA_IPL_2,schaefer,0.270516621960937,0.206918796321325
360,RH_DefaultA_PFCd_1,schaefer,0.299453899465063,0.282613581723614
361,RH_DefaultA_PFCd_2,schaefer,0.277617672169151,0.240256432782386
362,RH_DefaultA_pCunPCC_1,schaefer,0.178259207088518,0.181243889703972
363,RH_DefaultA_pCunPCC_2,schaefer,0.173599980648886,0.176675814120202
364,RH_DefaultA_pCunPCC_3,schaefer,0.30963266106256,0.245506265165117
365,RH_DefaultA_pCunPCC_4,schaefer,0.344332378913566,0.258158884944409
366,RH_DefaultA_pCunPCC_5,schaefer,0.214384758037642,0.194962852670387
367,RH_DefaultA_PFCm_1,schaefer,0.2637184292626,0.207072867852314
368,RH_DefaultA_PFCm_2,schaefer,0.218516994887741,0.212872153504512
369,RH_DefaultA_PFCm_3,schaefer,0.331348352642781,0.251476592118222
370,RH_DefaultA_PFCm_4,schaefer,0.29061478969917,0.236145563990721
371,RH_DefaultA_PFCm_5,schaefer,0.277522125987642,0.227850599645886
372,RH_DefaultA_PFCm_6,schaefer,0.282585634770281,0.182507168376447
373,RH_DefaultB_Temp_1,schaefer,0.283086290745485,0.205755018236656
374,RH_DefaultB_Temp_2,schaefer,0.290819662691612,0.215675128425822
375,RH_DefaultB_AntTemp_1,schaefer,0.269932565086229,0.185994190297941
376,RH_DefaultB_PFCd_1,schaefer,0.183863585975015,0.144071460878923
377,RH_DefaultB_PFCd_2,schaefer,0.281574414830292,0.206523173754592
378,RH_DefaultB_PFCd_3,schaefer,0.29377448353264,0.175673414409914
379,RH_DefaultB_PFCd_4,schaefer,0.263078697688464,0.179826428208925
380,RH_DefaultB_PFCd_5,schaefer,0.317620589334322,0.22980729606144
381,RH_DefaultB_PFCv_1,schaefer,0.285807734774084,0.163598360811619
382,RH_DefaultB_PFCv_2,schaefer,0.236867381077059,0.11974330549931
383,RH_DefaultB_PFCv_3,schaefer,0.341302053118671,0.207688239798795
384,RH_DefaultC_IPL_1,schaefer,0.293189041345511,0.262820098653076
385,RH_DefaultC_IPL_2,schaefer,0.249556642080709,0.218264833147405
386,RH_DefaultC_Rsp_1,schaefer,0.321819857437916,0.23658749464778
387,RH_DefaultC_Rsp_2,schaefer,0.25791562704552,0.220696152989792
388,RH_DefaultC_PHC_1,schaefer,0.284228108745677,0.174786456782818
389,RH_DefaultC_PHC_2,schaefer,0.252347742040265,0.165377414118762
390,RH_TempPar_1,schaefer,0.287983135042778,0.17517865824183
391,RH_TempPar_2,schaefer,0.298947041972745,0.21891816532363
392,RH_TempPar_3,schaefer,0.264979952245246,0.19620374200055
393,RH_TempPar_4,schaefer,0.326664956196347,0.264446476770623
394,RH_TempPar_5,schaefer,0.304277894841474,0.243226243976624
395,RH_TempPar_6,schaefer,0.309563564794883,0.252525747272779
396,RH_TempPar_7,schaefer,0.328075384491521,0.257447770825797
397,RH_TempPar_8,schaefer,0.356969436821658,0.275997852792642
398,RH_TempPar_9,schaefer,0.328203312785048,0.257203506765878
399,RH_TempPar_10,schaefer,0.327715171412923,0.254168020924679
